Cust_ID,Company ,Plan,Monthly_Rev,JoinDate,Status 
C-9017,Corp_1,Enterprise,$499.00,29-Dec-2023,Churned,,
C-3365,Corp_2,Pro,29,2023/11/12,Paused,,
C-5202,Corp_3,Pro,$29.00,08-Aug-2023,Churned,,
C-1957,Corp_4,Basic,29,20-Sep-2024,Paused,,
C-4077,Corp_5,Enterprise,$499.00,2023/09/07,Active,,
C-7470,Corp_6,  Pro  ,$29.00,2024/03/19,Active,,
C-7933,Corp_7,  Pro  ,499,2023/10/22,Active,,
C-5638,Corp_8,enterprise,499,21-May-2023,  Active ,,
C-1046,Corp_9,Pro,29,2024/07/26,Active,,
C-8326,Corp_10,  Pro  ,499 USD,2024/06/25,Paused,,
C-6042,Corp_11,enterprise,29,13-Aug-2024,Churned,,
C-6042,Corp_11,enterprise,29,13-Aug-2024,Churned,,
C-2452,Corp_12,  Pro  ,$99.00,2023/03/24,Paused,,
C-6923,Corp_13,Enterprise,$29.00,2023/11/27,Active,,
C-9563,Corp_14,enterprise,$29.00,2023/04/01,  Active ,,
C-6785,Corp_15,Pro,29,2024/09/18,Active,,
C-4748,Corp_16,Enterprise,499,2024/02/16,Churned,,
,Corp_17,Enterprise,29,10-Mar-2023,Churned,,
C-4670,Corp_18,Enterprise,99,2024/03/10,Churned,,
C-7116,Corp_19,  Pro  ,99,2024/10/26,  Active ,,
C-3049,Corp_20,Basic,99,11-May-2023,Churned,,
C-2147,Corp_21,enterprise,$499.00,2023/02/27,Paused,,
C-9449,Corp_22,Pro,$499.00,09-May-2024,Churned,,
C-1411,Corp_23,Pro,99,19-Aug-2023,Active,,
C-8820,Corp_24,  Pro  ,$499.00,21-Feb-2024,  Active ,,
C-4062,Corp_25,Basic,499,2023/01/06,Paused,,
C-5610,Corp_26,Pro,$499.00,2023/09/10,Paused,,
C-4270,Corp_27,Basic,99 USD,2024/11/01,  Active ,,
C-9246,Corp_28,Pro,99,26-May-2024,Paused,,
C-3667,Corp_29,Basic,99,30-Jul-2023,  Active ,,
C-5902,Corp_30,Basic,99,2023/04/17,  Active ,,
C-2245,Corp_31,  Pro  ,99,2023/09/24,Active,,
C-1225,Corp_32,Basic,29 USD,14-Mar-2024,Churned,,
C-9978,Corp_33,Pro,499,2024/10/17,Active,,
C-7481,Corp_34,enterprise,29,2024/01/10,  Active ,,
C-2019,Corp_35,Basic,499,2024/04/14,  Active ,,
C-5877,Corp_36,Enterprise,$499.00,06-Mar-2024,Churned,,
C-7438,Corp_37,  Pro  ,99 USD,2023/07/27,  Active ,,
C-3281,Corp_38,Basic,499 USD,2024/06/22,Churned,,
C-8852,Corp_39,enterprise,29,2024/07/28,Churned,,
C-5189,Corp_40,enterprise,99,2024/01/20,Churned,,
,Corp_41,  Pro  ,99,08-Oct-2023,  Active ,,
,Corp_41,  Pro  ,99,08-Oct-2023,  Active ,,
C-1548,Corp_42,  Pro  ,99,2024/02/06,  Active ,,
C-9926,Corp_43,enterprise,$499.00,12-Aug-2024,Active,,
C-9042,Corp_44,  Pro  ,$99.00,2023/04/07,  Active ,,
C-1746,Corp_45,Basic,$99.00,2023/08/30,Churned,,
,Corp_46,Enterprise,29,2023/08/31,Churned,,
,Corp_47,Basic,499,2024/04/12,Paused,,
C-4941,Corp_48,Enterprise,99,28-Nov-2023,Paused,,
C-6740,Corp_49,enterprise,29,03-Jul-2024,  Active ,,
C-7745,Corp_50,Pro,29 USD,2023/12/30,  Active ,,
C-5230,Corp_51,enterprise,29,2023/10/16,Active,,
C-4257,Corp_52,enterprise,$29.00,2023/11/11,Paused,,
C-8256,Corp_53,  Pro  ,29,10-May-2024,Paused,,
,Corp_54,enterprise,$29.00,2023/04/06,Churned,,
C-8995,Corp_55,  Pro  ,$99.00,14-Feb-2024,Churned,,
C-9500,Corp_56,Enterprise,499,10-May-2023,  Active ,,
C-9117,Corp_57,Pro,29,23-Feb-2023,Churned,,
C-9417,Corp_58,Basic,$99.00,2023/11/19,Churned,,
C-5639,Corp_59,Pro,99,2024/08/01,  Active ,,
C-1370,Corp_60,  Pro  ,499,27-May-2024,Active,,
C-7753,Corp_61,Pro,$499.00,2023/03/11,Churned,,
C-8598,Corp_62,Pro,99,2024/04/21,Paused,,
,Corp_63,enterprise,$29.00,03-Feb-2024,Churned,,
C-9807,Corp_64,  Pro  ,$499.00,13-Nov-2024,  Active ,,
C-5458,Corp_65,Basic,29,2024/04/10,  Active ,,
C-1583,Corp_66,Pro,99,21-Dec-2023,Paused,,
C-3974,Corp_67,Pro,29,2024/07/05,Active,,
C-3108,Corp_68,Enterprise,99,2023/11/19,  Active ,,
C-1486,Corp_69,Enterprise,29,21-Sep-2023,  Active ,,
C-7726,Corp_70,Enterprise,29,06-Mar-2024,Churned,,
C-7990,Corp_71,Pro,99,16-Mar-2023,Active,,
C-8263,Corp_72,Enterprise,99,2024/11/21,Paused,,
C-7260,Corp_73,Enterprise,$29.00,2024/02/04,Paused,,
,Corp_74,enterprise,29,30-Jul-2024,Active,,
C-5877,Corp_75,Basic,499,2024/02/27,  Active ,,
C-1533,Corp_76,Pro,499,11-Jul-2023,Paused,,
C-4175,Corp_77,  Pro  ,$99.00,04-Jul-2023,Paused,,
C-6029,Corp_78,  Pro  ,29,07-Apr-2023,  Active ,,
C-6048,Corp_79,Basic,99,2024/01/24,Churned,,
C-9878,Corp_80,Enterprise,499,08-Sep-2023,Active,,
C-7703,Corp_81,enterprise,$29.00,25-Aug-2024,  Active ,,
C-4738,Corp_82,enterprise,99,15-Dec-2023,Paused,,
C-4486,Corp_83,Basic,499 USD,17-Mar-2024,Churned,,
C-4066,Corp_84,Pro,29,2023/02/08,Churned,,
C-3991,Corp_85,Basic,499,2023/05/07,  Active ,,
C-3098,Corp_86,enterprise,$99.00,2023/04/05,Paused,,
C-7098,Corp_87,Enterprise,$29.00,05-Nov-2023,Active,,
C-8000,Corp_88,Enterprise,99,2024/08/11,Active,,
C-3934,Corp_89,Pro,499,30-Jul-2024,Paused,,
C-4830,Corp_90,enterprise,499,29-Jan-2023,Churned,,
C-8433,Corp_91,enterprise,499,2023/08/02,Paused,,
C-7020,Corp_92,Enterprise,$499.00,12-Jul-2023,  Active ,,
C-6257,Corp_93,Enterprise,29,2024/03/25,  Active ,,
C-6648,Corp_94,Pro,499,2024/10/21,Churned,,
C-3125,Corp_95,Pro,499,2024/01/10,Paused,,
C-2073,Corp_96,enterprise,499 USD,2024/05/18,Paused,,
C-6691,Corp_97,Basic,29,04-Jul-2024,Churned,,
C-1155,Corp_98,enterprise,$499.00,18-Nov-2024,Churned,,
C-1155,Corp_98,enterprise,$499.00,18-Nov-2024,Churned,,
C-7372,Corp_99,  Pro  ,499,02-Jan-2023,Paused,,
C-3928,Corp_100,Enterprise,29,2023/03/12,  Active ,,
C-1771,Corp_101,enterprise,29,16-Jun-2023,Paused,,
C-3374,Corp_102,Enterprise,29,2024/01/09,Active,,
C-5270,Corp_103,  Pro  ,99,26-May-2024,Active,,
C-3632,Corp_104,enterprise,29,2024/09/20,Paused,,
C-5470,Corp_105,Pro,99,2024/07/03,Churned,,
C-2755,Corp_106,Pro,$29.00,2023/08/31,  Active ,,
C-2038,Corp_107,Pro,29,21-Sep-2024,Paused,,
C-9562,Corp_108,Basic,99,15-Jun-2023,  Active ,,
C-6347,Corp_109,Basic,29,02-Jun-2024,Churned,,
C-5148,Corp_110,  Pro  ,$29.00,14-Jul-2024,Churned,,
C-9431,Corp_111,Pro,99,2023/11/07,Churned,,
C-2311,Corp_112,  Pro  ,99,06-Jan-2023,Churned,,
C-5575,Corp_113,Basic,499,22-Dec-2023,Churned,,
C-4988,Corp_114,  Pro  ,29,2023/11/03,Churned,,
C-5914,Corp_115,Basic,29,14-May-2024,Paused,,
C-9281,Corp_116,Enterprise,499,2023/06/03,Active,,
C-7525,Corp_117,Enterprise,99,01-Nov-2023,Churned,,
C-9711,Corp_118,  Pro  ,$499.00,01-Sep-2023,Churned,,
C-3942,Corp_119,Pro,99,2024/06/07,Active,,
C-9106,Corp_120,  Pro  ,29,2024/10/22,Paused,,
C-5581,Corp_121,Basic,99,04-Oct-2024,Active,,
C-2055,Corp_122,Basic,29,18-Oct-2024,Churned,,
,Corp_123,Basic,99,2023/05/09,Paused,,
C-8347,Corp_124,Pro,499,2023/04/03,  Active ,,
C-3493,Corp_125,enterprise,29 USD,2023/12/30,  Active ,,
C-6859,Corp_126,Enterprise,499,2023/05/12,Paused,,
C-2195,Corp_127,Enterprise,99,2023/12/19,Paused,,
C-3291,Corp_128,Pro,99,08-Aug-2024,  Active ,,
C-3291,Corp_128,Pro,99,08-Aug-2024,  Active ,,
C-6715,Corp_129,Basic,99,2024/05/02,Churned,,
C-4491,Corp_130,Enterprise,$29.00,01-Oct-2024,Paused,,
C-7682,Corp_131,Pro,499 USD,2024/07/01,Churned,,
C-4183,Corp_132,Pro,99,04-Nov-2023,  Active ,,
C-1850,Corp_133,Pro,499,2023/11/13,Active,,
C-4476,Corp_134,Basic,499,02-Feb-2023,Churned,,
C-2794,Corp_135,Enterprise,499,05-Jul-2024,  Active ,,
C-4041,Corp_136,Basic,99,2023/08/27,  Active ,,
C-8912,Corp_137,  Pro  ,29,17-Apr-2024,Churned,,
C-7712,Corp_138,enterprise,99,2024/03/08,Paused,,
C-1699,Corp_139,enterprise,$499.00,01-Nov-2023,  Active ,,
C-2062,Corp_140,Pro,499 USD,2024/04/30,Paused,,
C-5792,Corp_141,enterprise,29,22-Oct-2023,  Active ,,
C-2003,Corp_142,enterprise,29,2024/03/05,Paused,,
C-5591,Corp_143,Enterprise,499,2024/02/21,  Active ,,
C-2271,Corp_144,Pro,29,2023/07/31,Active,,
C-6621,Corp_145,enterprise,29,23-Oct-2023,Paused,,
C-5605,Corp_146,Basic,499 USD,21-Jun-2023,Churned,,
C-9091,Corp_147,Enterprise,$499.00,2023/05/28,Active,,
C-8839,Corp_148,  Pro  ,499,23-Apr-2024,  Active ,,
C-6361,Corp_149,enterprise,$29.00,03-Sep-2023,  Active ,,
C-7336,Corp_150,  Pro  ,$29.00,04-Feb-2024,Active,,
C-4850,Corp_151,  Pro  ,99,2023/01/15,Paused,,
C-4850,Corp_151,  Pro  ,99,2023/01/15,Paused,,
C-6044,Corp_152,Enterprise,499,2023/03/14,Churned,,
C-8084,Corp_153,Pro,499,05-Oct-2023,  Active ,,
C-5788,Corp_154,Enterprise,499,05-Mar-2023,  Active ,,
C-9345,Corp_155,enterprise,499,13-May-2024,Churned,,
C-9232,Corp_156,Basic,$29.00,30-Nov-2023,Churned,,
C-2495,Corp_157,Pro,29,21-May-2024,  Active ,,
C-2185,Corp_158,Enterprise,29,04-Nov-2023,  Active ,,
C-1040,Corp_159,Pro,$99.00,2023/12/12,Active,,
C-5958,Corp_160,Enterprise,499,2024/07/05,  Active ,,
C-2811,Corp_161,Enterprise,499,29-May-2024,Active,,
C-7890,Corp_162,  Pro  ,$29.00,2024/10/02,Churned,,
,Corp_163,  Pro  ,499,2024/08/29,Active,,
C-5270,Corp_164,Basic,$499.00,2024/10/22,Active,,
C-8873,Corp_165,Basic,$499.00,12-Jan-2023,  Active ,,
C-9751,Corp_166,Pro,$499.00,2024/02/02,Active,,
C-9494,Corp_167,enterprise,99,2024/01/29,Churned,,
C-1741,Corp_168,enterprise,99,2024/11/11,Paused,,
C-8436,Corp_169,  Pro  ,99,2024/01/20,  Active ,,
C-4901,Corp_170,Basic,499,2023/07/13,  Active ,,
C-3962,Corp_171,  Pro  ,499,2023/11/21,Active,,
C-5821,Corp_172,enterprise,29,05-Jul-2024,Churned,,
C-8717,Corp_173,Pro,99,03-Nov-2024,Paused,,
C-7121,Corp_174,Pro,99,2023/11/20,Active,,
C-3358,Corp_175,enterprise,29 USD,2024/03/13,  Active ,,
C-4966,Corp_176,Basic,499,06-Jan-2024,Active,,
C-8173,Corp_177,enterprise,499 USD,22-Aug-2024,Paused,,
C-8173,Corp_177,enterprise,499 USD,22-Aug-2024,Paused,,
C-2161,Corp_178,enterprise,29,07-May-2023,Churned,,
C-9866,Corp_179,Basic,29,20-Jan-2023,Churned,,
,Corp_180,Basic,29,12-May-2024,Paused,,
C-3457,Corp_181,  Pro  ,29 USD,14-Oct-2024,Churned,,
C-8711,Corp_182,Pro,$99.00,2023/06/30,Active,,
C-2149,Corp_183,Basic,$499.00,15-Oct-2023,  Active ,,
C-8423,Corp_184,enterprise,$99.00,08-Sep-2023,Paused,,
C-8454,Corp_185,Pro,499,2024/09/27,Churned,,
C-6680,Corp_186,Basic,499,23-Mar-2023,Paused,,
C-7970,Corp_187,  Pro  ,99,2023/05/21,  Active ,,
C-5584,Corp_188,Basic,29,14-Jan-2024,  Active ,,
C-1135,Corp_189,Enterprise,29,2024/04/11,Paused,,
C-3869,Corp_190,Pro,29 USD,2023/12/08,Paused,,
C-2137,Corp_191,Enterprise,499,2023/04/23,  Active ,,
C-3377,Corp_192,Basic,99,2023/12/22,Churned,,
C-4305,Corp_193,Basic,99,2023/02/26,  Active ,,
C-4396,Corp_194,enterprise,499 USD,2023/03/17,  Active ,,
C-4183,Corp_195,Enterprise,$29.00,11-Sep-2024,Paused,,
C-6985,Corp_196,  Pro  ,99,15-Jan-2024,Active,,
C-1287,Corp_197,enterprise,499,11-Nov-2023,Churned,,
C-7149,Corp_198,Pro,99,2024/03/12,Paused,,
C-5103,Corp_199,Enterprise,99,11-Aug-2024,  Active ,,
C-5158,Corp_200,enterprise,29,2024/03/26,Churned,,
C-8627,Corp_201,Enterprise,499,29-Aug-2023,Paused,,
C-1212,Corp_202,enterprise,99,2024/10/03,  Active ,,
C-6220,Corp_203,  Pro  ,29,31-Jan-2024,Active,,
C-4586,Corp_204,Pro,$499.00,2023/11/24,Paused,,
C-2172,Corp_205,  Pro  ,99,11-Aug-2023,Paused,,
C-9438,Corp_206,  Pro  ,499,29-Jul-2023,Churned,,
C-6055,Corp_207,Enterprise,29,18-May-2023,Paused,,
C-4766,Corp_208,  Pro  ,$29.00,2023/11/13,Churned,,
C-1973,Corp_209,Enterprise,$499.00,13-Nov-2024,  Active ,,
C-6650,Corp_210,Pro,29,2024/11/05,Active,,
C-8470,Corp_211,Pro,29,18-Aug-2023,Churned,,
C-9721,Corp_212,Enterprise,99,2023/02/22,Paused,,
C-7817,Corp_213,  Pro  ,29,2024/01/08,  Active ,,
C-8532,Corp_214,Enterprise,499,2024/10/08,Active,,
C-5791,Corp_215,Pro,499,27-Jul-2024,Paused,,
C-7324,Corp_216,Enterprise,29,2023/03/21,Churned,,
C-4273,Corp_217,enterprise,$29.00,2024/10/06,Churned,,
C-6475,Corp_218,  Pro  ,29,17-Dec-2023,Churned,,
C-7968,Corp_219,enterprise,499,2024/01/16,Churned,,
C-3455,Corp_220,Basic,499,2023/05/17,Paused,,
C-3663,Corp_221,  Pro  ,99,21-Mar-2023,  Active ,,
C-9658,Corp_222,  Pro  ,499,2024/09/23,Churned,,
C-5265,Corp_223,enterprise,29,2024/10/05,Active,,
C-3727,Corp_224,Pro,499,2024/10/29,Paused,,
,Corp_225,enterprise,99,05-Nov-2024,Paused,,
C-8151,Corp_226,Basic,99,27-Nov-2023,  Active ,,
C-6967,Corp_227,Enterprise,$29.00,2023/04/25,  Active ,,
C-8109,Corp_228,Basic,$29.00,02-Jul-2023,Churned,,
C-6270,Corp_229,Enterprise,29 USD,08-Jan-2023,Active,,
C-2216,Corp_230,enterprise,499,26-Apr-2024,  Active ,,
C-2754,Corp_231,Pro,29,2024/03/30,  Active ,,
C-6856,Corp_232,  Pro  ,29 USD,20-Feb-2024,Paused,,
C-5873,Corp_233,Enterprise,499,06-Jun-2023,Active,,
C-3765,Corp_234,Pro,29 USD,26-Jul-2023,Active,,
C-3728,Corp_235,enterprise,$499.00,2024/05/10,Paused,,
C-6052,Corp_236,Enterprise,$99.00,2024/10/27,Paused,,
C-6052,Corp_236,Enterprise,$99.00,2024/10/27,Paused,,
C-2966,Corp_237,  Pro  ,$29.00,2023/04/29,Churned,,
C-8041,Corp_238,Enterprise,29,2024/01/01,Paused,,
C-1820,Corp_239,Enterprise,29,20-Mar-2024,Active,,
C-4184,Corp_240,enterprise,499,13-Oct-2024,Paused,,
C-7381,Corp_241,enterprise,99,2023/08/30,Churned,,
C-8668,Corp_242,Enterprise,99,2023/07/13,Active,,
C-3824,Corp_243,Basic,99,2023/11/22,Churned,,
C-4620,Corp_244,Pro,499,01-Oct-2023,Churned,,
C-4154,Corp_245,enterprise,99,2024/03/29,Paused,,
C-4694,Corp_246,  Pro  ,99 USD,24-Dec-2023,Active,,
C-3663,Corp_247,Basic,499,2023/03/26,Active,,
C-3191,Corp_248,Basic,$99.00,2023/04/07,Active,,
C-4505,Corp_249,Basic,99,2024/01/10,Paused,,
C-6740,Corp_250,Basic,29,2023/05/06,Active,,
C-3377,Corp_251,Enterprise,499 USD,2024/06/19,Churned,,
C-8943,Corp_252,Enterprise,99,25-Aug-2024,Active,,
C-1303,Corp_253,Basic,499,18-May-2024,  Active ,,
C-5923,Corp_254,enterprise,$499.00,2023/01/13,Paused,,
C-4422,Corp_255,  Pro  ,499,2024/04/02,  Active ,,
C-3736,Corp_256,enterprise,499,18-Oct-2024,Churned,,
C-3387,Corp_257,  Pro  ,499,23-Jun-2024,Paused,,
C-9691,Corp_258,  Pro  ,$499.00,24-Nov-2024,Churned,,
C-5272,Corp_259,Basic,499,2023/08/18,Churned,,
C-4248,Corp_260,enterprise,499,25-Apr-2023,Active,,
C-6393,Corp_261,Enterprise,499,2023/06/14,Churned,,
C-7737,Corp_262,Basic,29,2023/12/22,Active,,
C-9544,Corp_263,enterprise,499,27-Mar-2024,Churned,,
C-7035,Corp_264,  Pro  ,29,2024/01/01,Paused,,
C-8802,Corp_265,Enterprise,$99.00,2023/04/06,Active,,
C-8482,Corp_266,Enterprise,$99.00,19-Jul-2023,  Active ,,
C-8913,Corp_267,Pro,29,2023/02/12,Paused,,
C-7183,Corp_268,  Pro  ,99,17-Dec-2023,Paused,,
C-8645,Corp_269,  Pro  ,99,15-Nov-2024,Active,,
C-8599,Corp_270,  Pro  ,$499.00,2024/07/21,Active,,
C-1595,Corp_271,Pro,$99.00,31-May-2023,Paused,,
C-5004,Corp_272,enterprise,$499.00,2024/11/29,Churned,,
C-4501,Corp_273,Enterprise,99,02-Dec-2023,Churned,,
C-3524,Corp_274,Pro,499,12-Jan-2023,Active,,
C-7339,Corp_275,Basic,99,2024/10/21,Paused,,
C-6421,Corp_276,enterprise,499,08-Feb-2023,  Active ,,
C-6216,Corp_277,Enterprise,499,11-Apr-2023,  Active ,,
C-1936,Corp_278,Pro,499 USD,12-Jul-2024,Active,,
C-7434,Corp_279,  Pro  ,99,2024/07/07,Paused,,
C-9824,Corp_280,enterprise,$99.00,2024/04/24,Paused,,
C-2850,Corp_281,  Pro  ,$99.00,19-Jan-2024,Paused,,
C-4911,Corp_282,Basic,99,05-Sep-2024,Paused,,
C-4911,Corp_282,Basic,99,05-Sep-2024,Paused,,
C-2008,Corp_283,enterprise,$99.00,2024/03/30,Churned,,
C-6553,Corp_284,Pro,99,2024/08/26,  Active ,,
C-5871,Corp_285,  Pro  ,499,28-May-2023,Churned,,
C-3206,Corp_286,Enterprise,29,2024/11/30,Active,,
C-3454,Corp_287,  Pro  ,29,05-Jan-2024,Paused,,
C-5872,Corp_288,Enterprise,$29.00,2024/06/10,  Active ,,
C-5872,Corp_288,Enterprise,$29.00,2024/06/10,  Active ,,
C-3178,Corp_289,enterprise,99 USD,2023/01/11,Churned,,
C-2059,Corp_290,  Pro  ,99,2024/04/19,  Active ,,
C-8125,Corp_291,  Pro  ,99,24-Mar-2024,Active,,
C-7652,Corp_292,Enterprise,499,2023/01/24,Churned,,
C-1793,Corp_293,Pro,99,25-Mar-2024,  Active ,,
C-9777,Corp_294,Pro,499,26-Sep-2023,  Active ,,
C-3618,Corp_295,enterprise,$499.00,2024/06/22,Active,,
C-9853,Corp_296,enterprise,$29.00,25-Oct-2023,Paused,,
C-7004,Corp_297,  Pro  ,$29.00,2023/07/07,Churned,,
C-1545,Corp_298,enterprise,99,2024/11/14,Churned,,
C-2614,Corp_299,Enterprise,499,2024/03/13,Paused,,
C-4503,Corp_300,Enterprise,499,2023/03/17,Paused,,
C-9199,Corp_301,Basic,99,2023/05/01,Churned,,
,Corp_302,Basic,499,2023/06/26,Churned,,
C-2781,Corp_303,enterprise,499,2024/07/23,Active,,
C-8349,Corp_304,Basic,499,14-Jan-2024,Churned,,
C-9334,Corp_305,Basic,499,19-Jul-2023,  Active ,,
C-1606,Corp_306,enterprise,29,04-Jun-2023,Churned,,
C-4538,Corp_307,Enterprise,29,2024/05/13,Paused,,
C-5754,Corp_308,enterprise,99,11-Sep-2024,Active,,
C-6914,Corp_309,Basic,29,22-Apr-2024,Active,,
C-1133,Corp_310,Pro,99,2024/11/07,Churned,,
C-6204,Corp_311,Enterprise,99,2023/05/14,Churned,,
,Corp_312,enterprise,$499.00,2024/04/21,Active,,
C-3805,Corp_313,Pro,$29.00,19-May-2023,Churned,,
,Corp_314,Basic,99,2024/07/18,Paused,,
C-5464,Corp_315,Pro,29,2024/11/16,Paused,,
C-3745,Corp_316,Enterprise,99,2023/09/23,Paused,,
C-4471,Corp_317,Basic,29,08-Jun-2024,  Active ,,
C-4908,Corp_318,Enterprise,99,21-Jan-2023,Churned,,
C-8978,Corp_319,Basic,$99.00,2023/03/01,Churned,,
C-5284,Corp_320,  Pro  ,29,07-Aug-2023,  Active ,,
C-8536,Corp_321,  Pro  ,$499.00,2023/12/11,Paused,,
C-3816,Corp_322,enterprise,$499.00,02-May-2024,Active,,
C-9350,Corp_323,enterprise,499,2023/05/02,Paused,,
C-8772,Corp_324,  Pro  ,99,26-Sep-2024,Paused,,
C-7716,Corp_325,enterprise,99,2024/05/19,Active,,
,Corp_326,Pro,99,2024/07/18,Active,,
C-3854,Corp_327,  Pro  ,99,19-Apr-2023,  Active ,,
C-4841,Corp_328,enterprise,29,12-Sep-2023,Churned,,
C-3836,Corp_329,  Pro  ,499,16-May-2023,Churned,,
C-7017,Corp_330,Pro,99 USD,2023/05/20,Active,,
C-6210,Corp_331,  Pro  ,499,25-Mar-2024,Paused,,
C-6911,Corp_332,  Pro  ,29,22-May-2023,Churned,,
C-2606,Corp_333,Enterprise,499,30-Nov-2023,  Active ,,
C-3096,Corp_334,Enterprise,$99.00,04-Dec-2023,Active,,
C-1755,Corp_335,enterprise,99,2023/10/03,  Active ,,
C-8196,Corp_336,Pro,29,20-Aug-2024,Paused,,
C-5543,Corp_337,enterprise,$499.00,12-Nov-2023,  Active ,,
C-9308,Corp_338,Pro,$29.00,2023/10/08,Paused,,
C-2069,Corp_339,enterprise,499,2024/05/07,Churned,,
C-6839,Corp_340,enterprise,99 USD,07-Mar-2024,Churned,,
C-3801,Corp_341,Enterprise,99,07-May-2024,Active,,
C-9730,Corp_342,Basic,499,2024/02/19,Churned,,
C-5693,Corp_343,enterprise,29,19-May-2023,Churned,,
C-9029,Corp_344,  Pro  ,29,2023/03/20,  Active ,,
C-9749,Corp_345,Enterprise,29,06-Jul-2024,Churned,,
C-9612,Corp_346,Basic,29,2024/01/22,Churned,,
C-1377,Corp_347,  Pro  ,99,2024/02/04,  Active ,,
C-4588,Corp_348,Basic,29,2024/06/12,Paused,,
C-3608,Corp_349,Basic,29,2023/02/27,Paused,,
C-6612,Corp_350,Pro,29,14-May-2023,Churned,,
C-4076,Corp_351,Pro,499,2024/10/25,Churned,,
C-4076,Corp_351,Pro,499,2024/10/25,Churned,,
C-9874,Corp_352,enterprise,499 USD,24-Apr-2023,  Active ,,
C-9005,Corp_353,Pro,499,18-Jun-2024,Active,,
C-9739,Corp_354,Pro,29,22-Jun-2024,Paused,,
C-5223,Corp_355,Basic,29,13-May-2023,  Active ,,
C-2992,Corp_356,Basic,99,23-Jun-2024,Churned,,
C-5493,Corp_357,enterprise,29,18-Sep-2024,Paused,,
C-3203,Corp_358,  Pro  ,$99.00,2024/08/12,  Active ,,
C-7620,Corp_359,Enterprise,$29.00,2024/01/04,  Active ,,
C-2970,Corp_360,enterprise,99,02-Jun-2024,Active,,
C-5693,Corp_361,Enterprise,$499.00,2024/09/24,Churned,,
C-6515,Corp_362,  Pro  ,499,11-Aug-2024,  Active ,,
C-2533,Corp_363,  Pro  ,29,18-Apr-2023,Churned,,
C-4436,Corp_364,Basic,29,31-Aug-2024,Active,,
C-7976,Corp_365,enterprise,99,2023/04/14,Active,,
C-4101,Corp_366,enterprise,99,2023/08/08,  Active ,,
C-3382,Corp_367,Basic,29,28-Oct-2023,Paused,,
C-7500,Corp_368,enterprise,29,22-Mar-2023,  Active ,,
C-7189,Corp_369,enterprise,99 USD,15-May-2024,Churned,,
C-5409,Corp_370,Basic,$29.00,04-Mar-2023,  Active ,,
C-2706,Corp_371,Pro,499,16-Jun-2023,Active,,
C-2369,Corp_372,Pro,99,19-Mar-2023,Active,,
C-8886,Corp_373,  Pro  ,$29.00,03-Nov-2024,Active,,
C-8086,Corp_374,  Pro  ,$29.00,2023/06/29,Active,,
C-3162,Corp_375,Basic,499,2023/04/13,Churned,,
,Corp_376,Pro,499,2024/02/10,  Active ,,
C-4121,Corp_377,Enterprise,99,2024/09/22,Active,,
C-3695,Corp_378,Basic,29,29-May-2024,Active,,
C-3894,Corp_379,  Pro  ,499,2024/06/28,Active,,
C-9705,Corp_380,Pro,29,26-Mar-2024,Paused,,
C-8102,Corp_381,enterprise,$99.00,26-Feb-2024,  Active ,,
C-8262,Corp_382,enterprise,$499.00,22-Jul-2024,Churned,,
C-3592,Corp_383,  Pro  ,99,13-Sep-2024,Paused,,
C-8119,Corp_384,Pro,$99.00,2024/02/07,  Active ,,
C-6720,Corp_385,Enterprise,99,2024/05/23,  Active ,,
C-3910,Corp_386,  Pro  ,499,2023/07/04,Active,,
C-2810,Corp_387,enterprise,$99.00,2023/03/06,Paused,,
C-4455,Corp_388,  Pro  ,99,10-Jun-2023,Active,,
C-8398,Corp_389,enterprise,499,29-Mar-2023,Active,,
C-5085,Corp_390,enterprise,499,23-Jun-2023,  Active ,,
,Corp_391,  Pro  ,499,02-Dec-2023,  Active ,,
C-7098,Corp_392,Basic,29,11-Jun-2023,  Active ,,
C-4840,Corp_393,  Pro  ,$499.00,20-Aug-2024,Paused,,
C-2116,Corp_394,Basic,$499.00,2023/12/24,Churned,,
C-3546,Corp_395,enterprise,29,17-Sep-2024,Active,,
,Corp_396,Pro,29,2023/02/22,Active,,
C-1211,Corp_397,Pro,99,24-Jun-2023,  Active ,,
C-3609,Corp_398,  Pro  ,29,2023/08/30,  Active ,,
C-6153,Corp_399,Basic,29,2024/09/17,Churned,,
C-1051,Corp_400,Basic,29,20-Jul-2023,  Active ,,
C-9053,Corp_401,Enterprise,29,2023/06/22,Paused,,
C-4809,Corp_402,enterprise,29,2024/03/14,Active,,
C-4425,Corp_403,enterprise,99,26-Jun-2023,  Active ,,
C-2602,Corp_404,enterprise,99,09-Feb-2024,  Active ,,
,Corp_405,  Pro  ,99,29-May-2024,  Active ,,
C-5696,Corp_406,Enterprise,29,2023/01/27,Active,,
C-9621,Corp_407,enterprise,499,2024/05/06,Churned,,
C-5373,Corp_408,Pro,$29.00,09-Jun-2023,  Active ,,
C-2380,Corp_409,  Pro  ,499,08-Feb-2024,Paused,,
C-7875,Corp_410,Basic,499,2024/06/17,  Active ,,
C-3862,Corp_411,enterprise,499,2023/11/04,  Active ,,
C-5317,Corp_412,Enterprise,$99.00,30-Jul-2024,Active,,
,Corp_413,Basic,99,2024/08/03,Paused,,
C-2234,Corp_414,  Pro  ,$99.00,03-Sep-2023,  Active ,,
C-5149,Corp_415,  Pro  ,29,2023/05/19,Active,,
C-1942,Corp_416,Pro,$29.00,21-Jan-2023,Paused,,
C-6127,Corp_417,Basic,29,2024/08/25,Active,,
C-9966,Corp_418,Pro,99,24-Apr-2024,  Active ,,
C-8426,Corp_419,enterprise,29,25-Oct-2023,Active,,
C-2855,Corp_420,enterprise,99,22-Mar-2023,Paused,,
C-4515,Corp_421,Enterprise,99,06-Nov-2024,Active,,
C-7020,Corp_422,Basic,29,2023/09/10,  Active ,,
C-2305,Corp_423,  Pro  ,$499.00,18-Mar-2024,Churned,,
C-8183,Corp_424,Pro,499,2023/01/03,Churned,,
C-8573,Corp_425,enterprise,29,08-Jun-2023,Active,,
,Corp_426,Pro,99,13-Jul-2024,  Active ,,
C-6677,Corp_427,Pro,99,2024/11/05,Churned,,
C-9449,Corp_428,Pro,$29.00,29-Jun-2023,Paused,,
C-9835,Corp_429,Pro,$99.00,17-Jun-2023,  Active ,,
C-8828,Corp_430,Pro,29,30-Jun-2023,Churned,,
C-8745,Corp_431,Enterprise,$499.00,2023/05/03,Paused,,
C-8335,Corp_432,Basic,29,28-Jan-2023,Active,,
C-2028,Corp_433,Pro,29,2023/05/21,Paused,,
C-8924,Corp_434,Enterprise,29,06-Jun-2024,  Active ,,
C-4902,Corp_435,enterprise,499,2023/10/24,Paused,,
C-1138,Corp_436,enterprise,$29.00,2023/02/17,Paused,,
C-7558,Corp_437,Enterprise,99,2024/01/28,Churned,,
C-4963,Corp_438,Basic,99,2024/11/27,  Active ,,
C-2859,Corp_439,Basic,29,2023/05/01,Active,,
C-1883,Corp_440,Basic,499,16-Jan-2023,Churned,,
C-6359,Corp_441,Basic,99,2023/04/16,Paused,,
C-6913,Corp_442,Enterprise,29,2024/06/05,Churned,,
C-1223,Corp_443,Pro,99,2024/05/10,  Active ,,
C-7902,Corp_444,enterprise,499,2023/11/12,  Active ,,
C-9683,Corp_445,Basic,99,2024/07/28,  Active ,,
C-6751,Corp_446,Basic,29,2023/06/06,Churned,,
C-1910,Corp_447,enterprise,29,24-Apr-2023,Churned,,
C-7207,Corp_448,  Pro  ,499,2024/02/17,Active,,
C-4067,Corp_449,enterprise,$99.00,2023/10/20,Paused,,
C-2868,Corp_450,  Pro  ,499,2023/10/05,  Active ,,
C-8175,Corp_451,  Pro  ,499,05-Sep-2023,Paused,,
C-6816,Corp_452,  Pro  ,$29.00,02-Jan-2024,Churned,,
C-9233,Corp_453,Pro,499,27-Jul-2024,Active,,
,Corp_454,enterprise,$499.00,2023/09/30,Churned,,
C-7144,Corp_455,enterprise,99,2023/06/12,  Active ,,
C-3902,Corp_456,  Pro  ,99,2024/05/19,Paused,,
C-2867,Corp_457,enterprise,99,2024/04/18,Churned,,
C-5426,Corp_458,Basic,$99.00,2024/05/23,Active,,
C-8893,Corp_459,Pro,499,13-Feb-2024,Churned,,
C-3005,Corp_460,Basic,$29.00,2023/08/24,Paused,,
C-5704,Corp_461,Enterprise,499,07-Dec-2023,  Active ,,
C-5654,Corp_462,  Pro  ,499,2023/07/02,Paused,,
C-3646,Corp_463,Pro,499,2024/11/10,  Active ,,
C-5139,Corp_464,  Pro  ,$29.00,2023/04/23,Paused,,
C-3821,Corp_465,  Pro  ,499,2023/03/24,  Active ,,
C-7260,Corp_466,Basic,29,2024/03/04,Paused,,
C-4256,Corp_467,enterprise,499,2023/09/01,Paused,,
C-7969,Corp_468,Enterprise,29,16-Nov-2024,Paused,,
C-5712,Corp_469,Basic,499,2023/04/30,Churned,,
C-9462,Corp_470,Enterprise,99,2023/07/23,Active,,
C-9753,Corp_471,  Pro  ,29,2024/01/29,Paused,,
C-6151,Corp_472,Enterprise,29,2023/09/01,Churned,,
C-8544,Corp_473,Basic,499,2023/08/28,Paused,,
C-9079,Corp_474,Basic,499,21-Apr-2024,Churned,,
C-6751,Corp_475,enterprise,29,2024/09/13,  Active ,,
C-8869,Corp_476,enterprise,29,20-Jun-2024,Paused,,
C-2139,Corp_477,Pro,99,2023/07/14,Churned,,
C-8323,Corp_478,  Pro  ,29,2023/07/15,Active,,
,Corp_479,Enterprise,$29.00,14-Oct-2024,Active,,
C-9113,Corp_480,enterprise,99 USD,23-Apr-2023,Churned,,
C-4239,Corp_481,enterprise,99,30-May-2024,  Active ,,
,Corp_482,enterprise,499,2024/06/03,Churned,,
C-6985,Corp_483,Enterprise,499,22-Sep-2024,  Active ,,
C-9773,Corp_484,Pro,499,2024/11/21,Active,,
C-8991,Corp_485,Pro,499,09-Apr-2023,Active,,
C-4464,Corp_486,Basic,499,09-Aug-2024,Active,,
C-7091,Corp_487,  Pro  ,99 USD,18-Apr-2023,  Active ,,
C-3181,Corp_488,Enterprise,99,2024/03/17,Churned,,
C-4839,Corp_489,Enterprise,$99.00,2023/06/16,  Active ,,
C-8214,Corp_490,enterprise,29,28-Sep-2024,Churned,,
C-9794,Corp_491,Pro,499,25-Apr-2023,Active,,
C-9794,Corp_491,Pro,499,25-Apr-2023,Active,,
C-3665,Corp_492,Pro,99,2023/08/19,Paused,,
C-5207,Corp_493,  Pro  ,99,2023/06/07,Active,,
C-2913,Corp_494,  Pro  ,$29.00,2024/03/24,Churned,,
C-4751,Corp_495,  Pro  ,499,18-Feb-2024,Active,,
C-2203,Corp_496,Basic,99,12-Nov-2023,Churned,,
C-8117,Corp_497,enterprise,499,2023/01/04,Paused,,
C-7773,Corp_498,Basic,$499.00,2023/06/16,Active,,
C-3645,Corp_499,Basic,29,2024/11/12,Paused,,
C-1943,Corp_500,  Pro  ,499,2024/07/30,  Active ,,
C-3284,Corp_501,  Pro  ,499,14-May-2024,Paused,,
C-5864,Corp_502,  Pro  ,29,10-May-2023,Active,,
C-9628,Corp_503,enterprise,99,09-Feb-2023,Churned,,
C-9546,Corp_504,Pro,99,2024/11/11,Paused,,
C-9287,Corp_505,Pro,99,2024/07/07,Active,,
C-1617,Corp_506,Pro,99,2024/07/04,Paused,,
C-6776,Corp_507,Basic,$29.00,2024/08/20,  Active ,,
C-9014,Corp_508,Enterprise,$29.00,2023/10/20,  Active ,,
C-3243,Corp_509,Enterprise,499,2023/11/23,Paused,,
C-1621,Corp_510,  Pro  ,499,2024/01/10,  Active ,,
C-9240,Corp_511,Basic,29,2024/09/29,Paused,,
C-7577,Corp_512,  Pro  ,$499.00,2023/07/07,Churned,,
C-6328,Corp_513,  Pro  ,499,09-Apr-2024,Active,,
C-3127,Corp_514,Pro,29,2024/08/15,Paused,,
C-1153,Corp_515,Basic,99,2024/06/05,Active,,
C-8575,Corp_516,  Pro  ,99,02-Sep-2023,  Active ,,
C-7229,Corp_517,Enterprise,29,05-May-2023,Active,,
C-8632,Corp_518,Enterprise,$99.00,30-Sep-2024,Active,,
C-7927,Corp_519,Enterprise,29,29-Dec-2023,Churned,,
C-4212,Corp_520,enterprise,499,2023/01/07,Active,,
C-3386,Corp_521,  Pro  ,99,21-Feb-2023,Paused,,
C-2977,Corp_522,enterprise,99,2023/07/17,Churned,,
C-6951,Corp_523,Enterprise,$499.00,2024/11/24,Paused,,
C-5620,Corp_524,  Pro  ,99,2023/06/08,Churned,,
C-6216,Corp_525,Enterprise,499 USD,2024/10/24,Churned,,
C-2956,Corp_526,Pro,99,2023/09/17,Paused,,
C-8865,Corp_527,Basic,499,05-Jun-2024,  Active ,,
C-9908,Corp_528,Enterprise,$29.00,07-Feb-2024,Paused,,
C-7868,Corp_529,Basic,99,21-Apr-2024,Active,,
C-8777,Corp_530,Pro,99 USD,2024/01/29,Active,,
C-9810,Corp_531,enterprise,29,01-Apr-2024,Active,,
C-1529,Corp_532,Pro,499,2024/10/11,  Active ,,
C-1405,Corp_533,  Pro  ,29,2024/02/06,Paused,,
C-4670,Corp_534,enterprise,99,06-Jan-2024,Paused,,
C-3982,Corp_535,enterprise,99,05-Sep-2024,Active,,
C-6943,Corp_536,Pro,29,19-Apr-2023,Active,,
C-7314,Corp_537,enterprise,99,04-Feb-2023,Active,,
C-1688,Corp_538,Enterprise,99,24-Apr-2024,Active,,
C-4623,Corp_539,Enterprise,499,13-Sep-2023,Paused,,
C-6073,Corp_540,Enterprise,$29.00,2023/01/24,  Active ,,
C-9982,Corp_541,enterprise,499,2023/01/11,Active,,
C-5588,Corp_542,Enterprise,29,2023/08/26,Active,,
C-5902,Corp_543,Basic,99,2024/04/18,Churned,,
C-5251,Corp_544,Pro,29,06-Oct-2023,  Active ,,
C-8582,Corp_545,Enterprise,99,03-Nov-2023,Churned,,
C-3207,Corp_546,Enterprise,$499.00,2023/04/21,  Active ,,
C-2045,Corp_547,Basic,99,16-Mar-2023,  Active ,,
C-2045,Corp_547,Basic,99,16-Mar-2023,  Active ,,
C-8912,Corp_548,  Pro  ,499,2024/05/24,  Active ,,
C-4695,Corp_549,  Pro  ,29,2023/11/25,Churned,,
C-1889,Corp_550,Basic,29 USD,05-Jan-2024,  Active ,,
C-4904,Corp_551,Basic,99,14-Oct-2024,Paused,,
C-5080,Corp_552,Pro,$29.00,18-Apr-2024,Churned,,
C-3606,Corp_553,Enterprise,$499.00,2024/01/26,  Active ,,
C-8723,Corp_554,Enterprise,499,16-Feb-2024,Paused,,
C-2181,Corp_555,Pro,29 USD,2023/01/22,Active,,
C-3132,Corp_556,Pro,499,2024/04/08,Active,,
C-8572,Corp_557,Basic,99,08-Jan-2024,  Active ,,
C-1643,Corp_558,Basic,499,2023/08/31,  Active ,,
C-8093,Corp_559,  Pro  ,99,21-Jan-2023,Active,,
C-1703,Corp_560,Enterprise,99,05-Nov-2024,  Active ,,
C-5897,Corp_561,Enterprise,499,2023/01/21,Active,,
C-5542,Corp_562,Enterprise,499,05-May-2024,  Active ,,
C-1804,Corp_563,  Pro  ,499,01-Mar-2024,  Active ,,
C-4567,Corp_564,  Pro  ,$29.00,31-Jul-2024,Active,,
C-9611,Corp_565,Pro,499 USD,2023/09/20,Paused,,
C-6015,Corp_566,Basic,99,2024/07/24,  Active ,,
C-2846,Corp_567,Basic,499,29-Nov-2024,Active,,
C-5790,Corp_568,Enterprise,99,2024/08/06,Paused,,
C-8874,Corp_569,  Pro  ,499,2023/11/14,Active,,
C-1634,Corp_570,  Pro  ,499,2024/02/18,Churned,,
C-9094,Corp_571,enterprise,99 USD,18-Jun-2023,Churned,,
C-1984,Corp_572,enterprise,29 USD,2023/04/12,Active,,
C-1501,Corp_573,enterprise,99,19-Aug-2023,Paused,,
C-8998,Corp_574,Basic,499,08-Aug-2024,Paused,,
C-5888,Corp_575,Basic,29,27-Mar-2023,Active,,
C-4088,Corp_576,Enterprise,29,2024/01/26,  Active ,,
C-5170,Corp_577,Basic,$499.00,2024/11/28,Churned,,
C-4332,Corp_578,Enterprise,499,15-Jan-2023,Paused,,
C-7715,Corp_579,Pro,$29.00,2024/05/18,  Active ,,
C-7956,Corp_580,  Pro  ,99,09-Sep-2024,  Active ,,
C-2904,Corp_581,Enterprise,99,22-Aug-2024,Churned,,
C-2430,Corp_582,enterprise,29,2024/04/28,  Active ,,
C-5605,Corp_583,  Pro  ,499,2024/03/10,  Active ,,
C-1587,Corp_584,  Pro  ,$499.00,02-Jun-2023,Paused,,
C-2713,Corp_585,Enterprise,99,2023/06/03,  Active ,,
C-7231,Corp_586,enterprise,29,05-Sep-2024,Paused,,
C-8354,Corp_587,Pro,29,03-Feb-2024,Paused,,
C-3928,Corp_588,Pro,99,2024/07/20,Paused,,
C-9945,Corp_589,Enterprise,99,2023/06/19,Active,,
C-1512,Corp_590,enterprise,29,2024/10/27,  Active ,,
C-9540,Corp_591,Basic,499,2024/02/25,Churned,,
C-1589,Corp_592,Basic,99,06-Apr-2023,Churned,,
C-5376,Corp_593,Basic,29,08-Jun-2024,  Active ,,
C-2766,Corp_594,enterprise,499,2024/04/11,  Active ,,
C-6508,Corp_595,Basic,29,2024/11/04,Paused,,
C-6586,Corp_596,enterprise,$99.00,26-Feb-2024,  Active ,,
C-8826,Corp_597,  Pro  ,499,2023/09/08,Active,,
C-6178,Corp_598,enterprise,499,2023/11/29,Paused,,
C-7240,Corp_599,  Pro  ,29,19-Aug-2024,Churned,,
C-9786,Corp_600,Enterprise,29 USD,13-Jul-2023,Churned,,
C-4139,Corp_601,Enterprise,499,2023/06/08,Churned,,
C-2969,Corp_602,Enterprise,$99.00,2023/07/15,Churned,,
C-3115,Corp_603,  Pro  ,499,24-Jan-2023,Paused,,
C-3115,Corp_603,  Pro  ,499,24-Jan-2023,Paused,,
C-9687,Corp_604,Pro,499,2023/10/10,Paused,,
C-5038,Corp_605,Basic,499 USD,16-Aug-2024,  Active ,,
C-2316,Corp_606,  Pro  ,99 USD,2024/05/21,Active,,
C-1588,Corp_607,Enterprise,$29.00,2023/02/13,Churned,,
C-8448,Corp_608,Basic,$99.00,2024/05/04,  Active ,,
C-9098,Corp_609,  Pro  ,$99.00,13-Sep-2023,  Active ,,
C-5244,Corp_610,Enterprise,$499.00,26-Jan-2024,  Active ,,
C-7245,Corp_611,Basic,99,2024/06/12,  Active ,,
C-2863,Corp_612,Pro,29,26-Sep-2024,  Active ,,
C-6303,Corp_613,Enterprise,$29.00,2023/09/16,  Active ,,
C-2955,Corp_614,  Pro  ,99,2023/02/22,Paused,,
C-8567,Corp_615,enterprise,$29.00,2023/06/23,Paused,,
C-1090,Corp_616,enterprise,99 USD,13-Apr-2024,Active,,
C-3664,Corp_617,  Pro  ,99,2024/08/16,Churned,,
C-9706,Corp_618,Pro,29,2024/03/08,  Active ,,
C-5202,Corp_619,Pro,29,05-Aug-2024,Paused,,
C-7975,Corp_620,Basic,499,2024/04/13,Paused,,
C-1778,Corp_621,Pro,499,22-Feb-2023,Paused,,
C-4672,Corp_622,Basic,99,2023/10/15,Paused,,
C-8974,Corp_623,Pro,29,25-Feb-2023,Active,,
C-8117,Corp_624,  Pro  ,99,26-Sep-2023,Churned,,
C-2237,Corp_625,enterprise,99,2024/07/23,Paused,,
C-4105,Corp_626,Pro,499,2024/03/23,  Active ,,
C-2442,Corp_627,Pro,499,04-Nov-2023,  Active ,,
C-3985,Corp_628,enterprise,99,10-Apr-2023,  Active ,,
C-8895,Corp_629,  Pro  ,29,05-Dec-2023,  Active ,,
C-1442,Corp_630,enterprise,29,17-Jul-2023,Churned,,
C-2560,Corp_631,  Pro  ,$499.00,07-Aug-2023,Active,,
C-9039,Corp_632,Pro,$29.00,2023/12/06,Active,,
C-9406,Corp_633,Basic,99,01-May-2023,Active,,
C-6596,Corp_634,enterprise,29,2023/12/03,Active,,
C-2950,Corp_635,Pro,29,10-Nov-2024,Paused,,
C-7558,Corp_636,  Pro  ,29,2024/01/25,Churned,,
C-2895,Corp_637,Enterprise,499,29-Jan-2023,Churned,,
C-5310,Corp_638,enterprise,499,2023/02/28,Paused,,
C-6202,Corp_639,Enterprise,$499.00,2024/07/01,Churned,,
C-4574,Corp_640,Pro,$499.00,06-Jan-2024,Paused,,
C-1599,Corp_641,Enterprise,499,19-Jul-2024,Active,,
C-7733,Corp_642,enterprise,99,2024/07/23,Churned,,
C-7450,Corp_643,Basic,99,13-Aug-2023,Churned,,
C-1808,Corp_644,enterprise,99,2024/01/25,Paused,,
C-8343,Corp_645,enterprise,99,2023/01/15,Churned,,
C-4260,Corp_646,Basic,29,2024/06/28,Paused,,
C-5417,Corp_647,Pro,$29.00,2024/06/17,Churned,,
C-5293,Corp_648,Enterprise,99,16-Sep-2024,Paused,,
C-3221,Corp_649,Enterprise,29,2023/07/14,Paused,,
C-1586,Corp_650,Basic,$499.00,23-Aug-2024,Churned,,
C-5406,Corp_651,Basic,99,2023/11/30,Active,,
C-2911,Corp_652,Basic,29 USD,2023/05/28,Active,,
C-6905,Corp_653,  Pro  ,$499.00,2023/02/07,Churned,,
,Corp_654,Pro,29,2024/04/03,  Active ,,
,Corp_654,Pro,29,2024/04/03,  Active ,,
C-7892,Corp_655,Pro,$99.00,12-Dec-2023,Paused,,
C-5535,Corp_656,  Pro  ,29,18-Oct-2024,Churned,,
C-7625,Corp_657,  Pro  ,$99.00,2024/09/25,  Active ,,
C-1654,Corp_658,Pro,29,2024/01/08,  Active ,,
C-7262,Corp_659,  Pro  ,29,04-Feb-2024,  Active ,,
C-6621,Corp_660,enterprise,499 USD,2024/09/13,  Active ,,
C-9583,Corp_661,  Pro  ,99,2023/03/23,Churned,,
C-2211,Corp_662,  Pro  ,29,15-May-2023,Churned,,
C-9703,Corp_663,Pro,499,14-Dec-2023,Active,,
C-3087,Corp_664,Basic,499,25-Jun-2024,Churned,,
C-2199,Corp_665,enterprise,99,25-Dec-2023,Churned,,
C-2007,Corp_666,  Pro  ,29,2023/04/23,Churned,,
C-1199,Corp_667,Enterprise,29,17-May-2024,Active,,
C-6327,Corp_668,Enterprise,29,20-Mar-2024,Paused,,
C-3034,Corp_669,Pro,499,2023/09/23,Churned,,
C-9298,Corp_670,Enterprise,$499.00,2024/09/13,  Active ,,
C-2420,Corp_671,  Pro  ,$29.00,15-Jul-2024,  Active ,,
C-5318,Corp_672,enterprise,499,2023/05/18,Active,,
C-4779,Corp_673,Basic,29,2023/01/07,Churned,,
C-2810,Corp_674,Pro,99 USD,19-Mar-2023,Active,,
C-5824,Corp_675,Basic,99,12-Jul-2023,Churned,,
C-4302,Corp_676,enterprise,499,28-Mar-2024,Paused,,
C-2461,Corp_677,Pro,499,02-Oct-2023,Active,,
C-3365,Corp_678,enterprise,$99.00,17-Mar-2023,Churned,,
C-9768,Corp_679,  Pro  ,29,30-Jan-2023,Paused,,
C-6918,Corp_680,  Pro  ,29 USD,2023/03/16,Active,,
C-7491,Corp_681,Pro,29,2023/05/30,Paused,,
C-9846,Corp_682,  Pro  ,499,2023/08/25,Churned,,
C-7335,Corp_683,Enterprise,29,17-Nov-2023,Paused,,
C-5038,Corp_684,Enterprise,29,01-Mar-2023,Active,,
C-2028,Corp_685,  Pro  ,499,10-Oct-2024,Paused,,
C-5579,Corp_686,Enterprise,29,21-May-2024,Churned,,
C-4403,Corp_687,Basic,499,23-Oct-2024,Active,,
,Corp_688,Pro,29,22-Jun-2023,  Active ,,
C-4264,Corp_689,enterprise,499 USD,2023/11/19,Paused,,
C-5225,Corp_690,Enterprise,$29.00,2024/09/13,Active,,
C-6911,Corp_691,  Pro  ,99,2024/08/30,  Active ,,
C-4635,Corp_692,  Pro  ,499,2024/03/18,Active,,
C-5532,Corp_693,Pro,$29.00,2024/09/11,Paused,,
C-9043,Corp_694,Pro,99 USD,2023/12/10,  Active ,,
C-9806,Corp_695,enterprise,29,2024/01/20,Paused,,
C-8402,Corp_696,Pro,499,28-Jan-2024,Churned,,
C-2247,Corp_697,  Pro  ,$499.00,2024/09/02,Paused,,
C-9334,Corp_698,Pro,29 USD,08-Jan-2024,  Active ,,
C-5032,Corp_699,  Pro  ,29,20-Jul-2023,Churned,,
C-4097,Corp_700,Pro,$29.00,2023/03/30,  Active ,,
C-2450,Corp_701,Pro,29,31-Mar-2023,  Active ,,
C-8101,Corp_702,Pro,29,27-Nov-2024,Paused,,
C-3109,Corp_703,Enterprise,499,20-Jul-2023,Paused,,
C-3974,Corp_704,  Pro  ,$29.00,2023/01/15,Churned,,
C-1825,Corp_705,Enterprise,99,2024/06/22,Active,,
C-7039,Corp_706,Pro,99,2024/10/15,Active,,
C-3742,Corp_707,enterprise,29,19-Oct-2023,Churned,,
C-6645,Corp_708,Pro,99,2024/11/26,Active,,
C-9208,Corp_709,Pro,99,07-Jul-2023,Churned,,
C-7787,Corp_710,enterprise,29,2024/08/30,Paused,,
C-5154,Corp_711,Basic,499,20-Aug-2023,Churned,,
C-9377,Corp_712,enterprise,$29.00,2023/01/08,  Active ,,
C-9698,Corp_713,Enterprise,99,2023/06/11,Paused,,
C-2306,Corp_714,Pro,$99.00,27-Oct-2024,  Active ,,
C-7817,Corp_715,  Pro  ,499,15-Aug-2024,Churned,,
C-6914,Corp_716,Basic,499,07-Aug-2024,Active,,
C-7569,Corp_717,enterprise,499 USD,16-Feb-2024,  Active ,,
C-9333,Corp_718,  Pro  ,99,2023/12/15,  Active ,,
C-4672,Corp_719,Enterprise,99,2023/07/26,Churned,,
C-3588,Corp_720,Enterprise,499,27-Apr-2024,  Active ,,
C-5770,Corp_721,Pro,499,2024/11/11,  Active ,,
C-6695,Corp_722,Enterprise,99,2023/09/08,  Active ,,
C-3955,Corp_723,  Pro  ,99,04-Apr-2024,  Active ,,
C-5410,Corp_724,Basic,29,17-Feb-2023,Paused,,
C-2880,Corp_725,Pro,$99.00,01-Apr-2024,Churned,,
C-2202,Corp_726,Pro,$499.00,07-Feb-2024,Paused,,
C-4858,Corp_727,Enterprise,99,2023/01/29,Paused,,
C-4592,Corp_728,  Pro  ,29,26-May-2023,Paused,,
C-6624,Corp_729,Pro,499 USD,18-Jan-2023,Paused,,
C-9655,Corp_730,Basic,29,15-Sep-2023,Churned,,
C-8508,Corp_731,enterprise,29,29-Mar-2024,  Active ,,
C-8593,Corp_732,Basic,99,2023/09/08,Active,,
C-3588,Corp_733,enterprise,499,15-Oct-2024,Churned,,
C-3271,Corp_734,enterprise,99,2023/07/10,Paused,,
C-3271,Corp_734,enterprise,99,2023/07/10,Paused,,
C-3145,Corp_735,Enterprise,29,01-Mar-2024,Churned,,
C-3269,Corp_736,Basic,499,23-Dec-2023,Active,,
C-2314,Corp_737,Enterprise,99,23-Oct-2024,  Active ,,
C-3405,Corp_738,Basic,499,2024/07/22,Active,,
C-2814,Corp_739,Pro,99,08-May-2024,Active,,
C-2926,Corp_740,Enterprise,499,2023/08/05,Active,,
C-5114,Corp_741,enterprise,499,02-Feb-2024,Paused,,
C-8122,Corp_742,Enterprise,$499.00,11-Feb-2024,Paused,,
C-9374,Corp_743,  Pro  ,$99.00,02-Jun-2023,Paused,,
C-3192,Corp_744,Enterprise,499,2023/05/15,Churned,,
C-2314,Corp_745,Pro,29,2024/10/29,Paused,,
C-5308,Corp_746,  Pro  ,$499.00,2024/01/05,  Active ,,
C-5225,Corp_747,  Pro  ,29,01-Jun-2023,Paused,,
C-1703,Corp_748,Pro,29 USD,2024/07/30,Active,,
C-5576,Corp_749,Pro,99,21-Apr-2023,Churned,,
C-9184,Corp_750,enterprise,$99.00,2024/05/31,Churned,,
C-8661,Corp_751,Basic,29,2024/09/06,  Active ,,
C-8959,Corp_752,enterprise,499,2024/02/17,  Active ,,
C-6568,Corp_753,Enterprise,$29.00,2024/04/21,  Active ,,
C-5879,Corp_754,  Pro  ,$499.00,2023/02/11,Paused,,
C-9187,Corp_755,enterprise,99,2024/08/21,Paused,,
C-8002,Corp_756,Pro,499 USD,2023/12/04,  Active ,,
C-7088,Corp_757,Enterprise,499 USD,02-Feb-2024,Churned,,
C-7720,Corp_758,Basic,99,2024/09/15,Paused,,
C-1913,Corp_759,enterprise,499,2023/12/01,Active,,
C-5781,Corp_760,Basic,99,26-Jan-2024,Active,,
C-5328,Corp_761,Enterprise,$99.00,16-Sep-2023,  Active ,,
C-8202,Corp_762,  Pro  ,499,11-Apr-2024,Active,,
C-3645,Corp_763,Basic,499,2023/07/16,Paused,,
C-3712,Corp_764,Pro,499,2024/12/01,Active,,
C-1812,Corp_765,Pro,99,2023/02/02,Active,,
C-2072,Corp_766,Basic,29,2023/08/24,Active,,
C-3679,Corp_767,Basic,29,2024/07/22,Active,,
C-9512,Corp_768,Pro,$29.00,2024/05/14,Churned,,
C-3917,Corp_769,  Pro  ,99,2023/10/27,Paused,,
C-9976,Corp_770,Enterprise,29 USD,10-Apr-2024,Churned,,
C-3406,Corp_771,Basic,499,18-Feb-2023,Active,,
C-5183,Corp_772,Pro,499,19-May-2024,  Active ,,
C-4098,Corp_773,  Pro  ,$29.00,2024/07/06,  Active ,,
C-5037,Corp_774,Basic,$99.00,2024/09/30,Active,,
C-8891,Corp_775,Enterprise,499 USD,07-Apr-2024,Churned,,
C-3309,Corp_776,  Pro  ,99,2023/07/26,Churned,,
C-4880,Corp_777,Basic,99,28-Jan-2023,Paused,,
C-9726,Corp_778,enterprise,29,17-Feb-2024,Churned,,
C-3290,Corp_779,  Pro  ,29,2023/03/13,Active,,
C-9989,Corp_780,  Pro  ,99,06-Nov-2024,Churned,,
C-6196,Corp_781,Pro,$99.00,01-Feb-2023,Paused,,
C-8117,Corp_782,Pro,$99.00,22-Dec-2023,Paused,,
C-2016,Corp_783,Basic,29,2024/03/05,  Active ,,
C-6221,Corp_784,  Pro  ,29,10-Feb-2024,Active,,
C-8116,Corp_785,Pro,$29.00,2024/10/13,Paused,,
C-5834,Corp_786,Basic,29,2023/06/11,  Active ,,
C-4612,Corp_787,  Pro  ,29 USD,2024/06/09,Paused,,
C-8673,Corp_788,Basic,499,01-Jul-2023,Churned,,
C-8673,Corp_788,Basic,499,01-Jul-2023,Churned,,
C-9296,Corp_789,  Pro  ,99,18-Feb-2024,Paused,,
C-4316,Corp_790,Pro,$499.00,2023/09/22,Churned,,
C-4886,Corp_791,Basic,99,2024/01/20,  Active ,,
C-8286,Corp_792,Pro,499,2024/04/15,Active,,
C-5742,Corp_793,enterprise,99 USD,27-Nov-2023,Active,,
C-6466,Corp_794,Enterprise,99,2023/05/05,  Active ,,
C-3024,Corp_795,  Pro  ,499,01-Nov-2024,Churned,,
C-7836,Corp_796,Basic,29,2023/09/12,Churned,,
C-8434,Corp_797,Basic,$99.00,2023/07/11,Churned,,
C-9482,Corp_798,Enterprise,29,2024/10/07,Active,,
C-4078,Corp_799,enterprise,499,2023/07/30,Active,,
C-8153,Corp_800,enterprise,499,18-Apr-2024,Active,,
C-3009,Corp_801,Enterprise,29,18-Jul-2023,Churned,,
C-6277,Corp_802,Pro,499,2023/04/20,Active,,
C-1544,Corp_803,  Pro  ,$99.00,2023/01/14,Paused,,
C-1110,Corp_804,  Pro  ,$29.00,10-Apr-2024,  Active ,,
C-9446,Corp_805,Pro,99,2023/06/13,Active,,
C-9932,Corp_806,enterprise,29,2023/10/15,Churned,,
C-9928,Corp_807,  Pro  ,99,2023/07/26,Active,,
C-8248,Corp_808,Enterprise,29 USD,21-Sep-2024,Churned,,
C-4535,Corp_809,  Pro  ,499,2023/02/23,Active,,
C-2208,Corp_810,Basic,99,2024/06/22,Paused,,
C-9386,Corp_811,Enterprise,$99.00,2023/10/23,Churned,,
C-9627,Corp_812,Enterprise,99,2023/03/10,  Active ,,
C-9627,Corp_812,Enterprise,99,2023/03/10,  Active ,,
C-5621,Corp_813,Enterprise,499,31-Jan-2023,Paused,,
C-6893,Corp_814,  Pro  ,499,2023/11/09,Active,,
C-5797,Corp_815,enterprise,499 USD,2023/10/17,Active,,
C-8722,Corp_816,Pro,99,2024/07/21,Active,,
C-2324,Corp_817,Basic,99 USD,20-Feb-2024,  Active ,,
C-1255,Corp_818,Basic,29,2023/03/12,Active,,
C-5062,Corp_819,Basic,29,2024/04/25,Active,,
C-6756,Corp_820,  Pro  ,$499.00,03-Aug-2024,Churned,,
C-8917,Corp_821,  Pro  ,499,28-Jan-2024,  Active ,,
C-5599,Corp_822,  Pro  ,29,2023/02/05,Paused,,
C-1171,Corp_823,Enterprise,99,02-Feb-2024,Active,,
C-1343,Corp_824,Pro,29,2023/08/19,Active,,
C-8571,Corp_825,Pro,499,03-Aug-2023,Churned,,
C-3208,Corp_826,Enterprise,499,2024/08/06,  Active ,,
C-8622,Corp_827,  Pro  ,29,2024/03/23,  Active ,,
C-8078,Corp_828,Enterprise,99,30-Jan-2023,  Active ,,
C-6743,Corp_829,  Pro  ,$99.00,2024/05/07,Active,,
,Corp_830,enterprise,499,2024/07/25,Active,,
C-1001,Corp_831,enterprise,99,2023/12/20,Churned,,
C-1904,Corp_832,  Pro  ,99,03-Oct-2024,Active,,
C-2861,Corp_833,enterprise,99,2024/01/02,Churned,,
C-2761,Corp_834,Basic,$29.00,2023/10/01,Churned,,
C-3560,Corp_835,Pro,29,20-Feb-2023,Churned,,
C-5639,Corp_836,Enterprise,99,2023/08/14,Churned,,
C-5043,Corp_837,enterprise,99,28-Feb-2023,  Active ,,
C-4528,Corp_838,Basic,$99.00,2024/07/20,Paused,,
C-9253,Corp_839,Enterprise,$499.00,01-Mar-2024,  Active ,,
C-3393,Corp_840,enterprise,29,2024/05/23,  Active ,,
C-8597,Corp_841,Pro,99,2023/06/02,Churned,,
C-3060,Corp_842,Enterprise,499,2024/06/02,Paused,,
C-1472,Corp_843,enterprise,99,03-Jul-2024,  Active ,,
C-3942,Corp_844,Pro,29,08-Oct-2024,Active,,
C-8149,Corp_845,Enterprise,29,14-Mar-2024,Active,,
C-7619,Corp_846,enterprise,99,2023/01/27,Active,,
C-6455,Corp_847,Pro,$99.00,27-Sep-2024,Active,,
C-3734,Corp_848,enterprise,29 USD,2023/12/28,Paused,,
C-9088,Corp_849,  Pro  ,499,02-Aug-2023,  Active ,,
C-1905,Corp_850,Enterprise,99,2024/09/05,Active,,
C-6770,Corp_851,Pro,499,2023/11/25,  Active ,,
C-7381,Corp_852,Pro,99,01-Jan-2024,  Active ,,
C-3024,Corp_853,Basic,99,2023/03/22,Paused,,
C-3380,Corp_854,Enterprise,499,17-Jan-2023,Active,,
C-3374,Corp_855,  Pro  ,$99.00,2023/10/30,Paused,,
C-5723,Corp_856,  Pro  ,499,2023/07/05,Paused,,
C-2540,Corp_857,  Pro  ,29,2024/02/04,  Active ,,
C-7066,Corp_858,  Pro  ,499,2023/12/27,Active,,
C-7332,Corp_859,Enterprise,99,22-Mar-2023,  Active ,,
C-2463,Corp_860,enterprise,499,03-Sep-2024,Churned,,
C-6652,Corp_861,Pro,99,03-Jul-2023,Active,,
C-3544,Corp_862,Basic,499,08-Jan-2024,Paused,,
C-7801,Corp_863,Basic,499,2024/06/11,Churned,,
,Corp_864,  Pro  ,99,2023/06/25,Paused,,
C-3528,Corp_865,  Pro  ,$99.00,2023/10/13,  Active ,,
C-2789,Corp_866,Basic,$499.00,2023/04/26,Paused,,
C-7815,Corp_867,Basic,$99.00,09-Apr-2024,Paused,,
C-3697,Corp_868,Enterprise,99,03-Mar-2024,  Active ,,
C-2548,Corp_869,enterprise,99,2023/02/18,  Active ,,
C-5514,Corp_870,Enterprise,499,24-Apr-2024,Active,,
C-4223,Corp_871,Basic,$499.00,2023/10/28,Churned,,
C-8142,Corp_872,Enterprise,29,03-May-2023,Active,,
C-7335,Corp_873,enterprise,29,12-Nov-2023,Paused,,
C-6482,Corp_874,Enterprise,29,2023/03/10,Churned,,
,Corp_875,enterprise,499,24-Jun-2023,Paused,,
C-9788,Corp_876,  Pro  ,99,2023/02/10,Churned,,
C-4519,Corp_877,enterprise,499 USD,19-Feb-2024,  Active ,,
C-2570,Corp_878,Pro,499,06-Apr-2024,Active,,
C-2665,Corp_879,enterprise,499 USD,13-Jan-2024,Paused,,
C-8572,Corp_880,Enterprise,499,2024/01/10,Churned,,
C-5060,Corp_881,Pro,499,03-Apr-2024,Churned,,
C-9189,Corp_882,enterprise,29,2023/03/16,Active,,
C-1412,Corp_883,  Pro  ,$99.00,18-Nov-2023,Paused,,
C-1714,Corp_884,Basic,$29.00,17-Mar-2023,Active,,
C-4560,Corp_885,Basic,499,2023/08/17,Active,,
C-1187,Corp_886,  Pro  ,499,2023/05/05,  Active ,,
C-5219,Corp_887,Pro,29,11-Mar-2024,Churned,,
C-5148,Corp_888,  Pro  ,499,2024/06/22,Paused,,
C-3898,Corp_889,Pro,29,2023/05/14,Paused,,
C-7498,Corp_890,Pro,499 USD,2024/02/26,Active,,
,Corp_891,  Pro  ,$29.00,29-Nov-2023,  Active ,,
C-3073,Corp_892,enterprise,99,09-Feb-2023,Active,,
C-2288,Corp_893,  Pro  ,$99.00,04-Oct-2024,Active,,
C-5582,Corp_894,Basic,$99.00,2024/08/27,Active,,
C-6895,Corp_895,Pro,499,2024/06/07,Churned,,
C-8214,Corp_896,  Pro  ,499,2024/08/27,Paused,,
C-2179,Corp_897,Enterprise,$99.00,23-Sep-2023,Active,,
C-8449,Corp_898,Basic,499,05-Apr-2024,Paused,,
C-2155,Corp_899,enterprise,499,01-Jun-2024,Churned,,
C-1961,Corp_900,Basic,29,17-Jun-2023,  Active ,,
C-9050,Corp_901,enterprise,29,08-Jan-2024,  Active ,,
C-1681,Corp_902,enterprise,499,31-Oct-2024,  Active ,,
C-8134,Corp_903,enterprise,$29.00,29-Mar-2023,Paused,,
C-8496,Corp_904,  Pro  ,29,2024/01/15,Churned,,
C-5745,Corp_905,Enterprise,29,2023/06/11,Paused,,
C-5437,Corp_906,  Pro  ,29,04-Aug-2024,Paused,,
C-5749,Corp_907,Pro,$29.00,15-Oct-2024,Paused,,
C-7915,Corp_908,Basic,99,2024/05/22,Active,,
C-2480,Corp_909,Basic,99,05-May-2023,Paused,,
C-2895,Corp_910,Pro,29,25-Aug-2023,Active,,
C-5872,Corp_911,  Pro  ,99,14-Jul-2024,Paused,,
C-9662,Corp_912,  Pro  ,499,25-Jul-2024,Churned,,
C-2323,Corp_913,Enterprise,29,07-Aug-2023,Active,,
C-7185,Corp_914,Enterprise,29,17-Mar-2024,Active,,
C-7271,Corp_915,Enterprise,499,2023/04/18,Paused,,
C-9362,Corp_916,  Pro  ,$29.00,28-Jun-2024,Churned,,
C-8463,Corp_917,Enterprise,99,29-Jan-2024,  Active ,,
C-6738,Corp_918,  Pro  ,499,18-May-2024,Active,,
C-3407,Corp_919,Basic,499,01-Mar-2024,Active,,
C-2451,Corp_920,Basic,499,2024/01/02,Paused,,
C-5079,Corp_921,Enterprise,29,20-Oct-2023,  Active ,,
C-3577,Corp_922,Enterprise,499,2023/07/20,  Active ,,
C-4343,Corp_923,  Pro  ,499,2024/06/20,  Active ,,
C-9404,Corp_924,  Pro  ,29,2024/03/06,Paused,,
C-8167,Corp_925,Pro,29,24-Mar-2024,  Active ,,
C-9686,Corp_926,Basic,$99.00,14-Oct-2024,Paused,,
C-9101,Corp_927,  Pro  ,29,2023/02/05,Paused,,
C-2387,Corp_928,enterprise,$29.00,2023/02/05,Paused,,
C-3002,Corp_929,  Pro  ,29,13-Feb-2023,Active,,
C-9314,Corp_930,Pro,499,10-Mar-2024,Paused,,
C-2811,Corp_931,Basic,29,2023/10/27,Churned,,
C-9278,Corp_932,Enterprise,$499.00,2023/02/09,Active,,
C-7010,Corp_933,Pro,499,2023/07/05,  Active ,,
C-1722,Corp_934,Pro,499,2023/05/16,  Active ,,
C-4265,Corp_935,enterprise,499,01-Dec-2024,Paused,,
C-1814,Corp_936,enterprise,99,2024/05/23,Active,,
C-1051,Corp_937,Enterprise,29,2024/06/25,Churned,,
C-7488,Corp_938,Pro,99,24-Mar-2024,Churned,,
C-5117,Corp_939,Enterprise,499,2023/03/06,Active,,
C-6942,Corp_940,Basic,499,16-Oct-2023,Churned,,
,Corp_941,Basic,99,06-Jul-2024,Active,,
C-5374,Corp_942,Pro,29,18-Oct-2024,Active,,
,Corp_943,Enterprise,99 USD,25-Nov-2023,Paused,,
C-7232,Corp_944,Pro,29,25-Sep-2023,Churned,,
C-5978,Corp_945,Basic,99,22-Jan-2024,Churned,,
C-6819,Corp_946,enterprise,499,2023/11/14,  Active ,,
C-7729,Corp_947,  Pro  ,99,2024/11/13,Paused,,
C-9823,Corp_948,Enterprise,$99.00,24-Jan-2023,Churned,,
C-4188,Corp_949,Enterprise,499,07-Apr-2023,Paused,,
C-6728,Corp_950,Pro,$29.00,29-Nov-2024,Paused,,
C-8230,Corp_951,enterprise,99 USD,01-Dec-2024,Churned,,
C-3076,Corp_952,enterprise,29,2023/11/10,Paused,,
C-3076,Corp_952,enterprise,29,2023/11/10,Paused,,
C-1272,Corp_953,enterprise,$29.00,12-Jul-2023,Active,,
C-2758,Corp_954,Basic,499,22-Aug-2024,Active,,
C-5616,Corp_955,  Pro  ,29,18-Oct-2023,Churned,,
C-2786,Corp_956,  Pro  ,29,16-Sep-2023,  Active ,,
C-4627,Corp_957,Enterprise,499,2024/10/31,Paused,,
C-9079,Corp_958,enterprise,29,26-Jul-2024,Paused,,
C-2207,Corp_959,  Pro  ,499,07-Aug-2023,Churned,,
C-9031,Corp_960,Basic,$499.00,02-Nov-2024,Active,,
C-2608,Corp_961,Pro,99,20-Jun-2023,Active,,
C-9605,Corp_962,Pro,99,28-May-2023,Paused,,
C-2555,Corp_963,Enterprise,499,07-Nov-2024,Active,,
C-7307,Corp_964,Basic,29,17-Apr-2024,Paused,,
C-2530,Corp_965,Enterprise,$29.00,17-Aug-2023,Paused,,
C-2530,Corp_965,Enterprise,$29.00,17-Aug-2023,Paused,,
C-8539,Corp_966,Enterprise,29,2023/01/25,Active,,
C-6746,Corp_967,  Pro  ,99,22-Dec-2023,  Active ,,
C-5421,Corp_968,Basic,29,2023/12/14,  Active ,,
C-2477,Corp_969,Enterprise,499,2023/07/07,Churned,,
C-2147,Corp_970,Basic,99,26-Apr-2023,  Active ,,
C-8913,Corp_971,Basic,499,31-Jan-2024,Churned,,
C-6429,Corp_972,Pro,99,2023/06/08,Paused,,
C-7126,Corp_973,enterprise,499,2024/02/02,Active,,
C-2733,Corp_974,Pro,$99.00,27-Jun-2024,Paused,,
C-1808,Corp_975,Basic,99,2024/03/11,Paused,,
C-2909,Corp_976,Basic,29 USD,10-Nov-2023,Churned,,
C-8400,Corp_977,Pro,$29.00,2024/04/12,Paused,,
C-1214,Corp_978,Pro,99 USD,2024/05/11,Paused,,
C-9643,Corp_979,Pro,499,12-Aug-2024,Churned,,
C-4984,Corp_980,  Pro  ,99,12-Aug-2023,Active,,
C-4505,Corp_981,Pro,29 USD,05-Jul-2023,Churned,,
C-2128,Corp_982,Pro,499,2024/08/15,Churned,,
C-8273,Corp_983,Basic,99,2023/01/23,Churned,,
,Corp_984,Enterprise,499,27-Apr-2024,  Active ,,
C-3112,Corp_985,Pro,$99.00,2024/05/04,Active,,
C-3112,Corp_986,  Pro  ,99,25-Aug-2023,Paused,,
C-8746,Corp_987,  Pro  ,29,2023/07/03,Paused,,
C-3234,Corp_988,  Pro  ,99 USD,06-May-2024,  Active ,,
C-1836,Corp_989,Basic,99,2024/09/19,  Active ,,
C-1565,Corp_990,  Pro  ,99,27-Jun-2024,Active,,
,Corp_991,Basic,29,13-Jul-2023,  Active ,,
C-5106,Corp_992,  Pro  ,$29.00,2023/03/03,Active,,
C-5363,Corp_993,Basic,499,2024/02/06,Paused,,
C-3287,Corp_994,Enterprise,$499.00,08-Aug-2024,Active,,
C-7163,Corp_995,  Pro  ,99,10-Aug-2023,Churned,,
C-5408,Corp_996,  Pro  ,99,2024/03/18,Churned,,
C-3706,Corp_997,  Pro  ,99,2024/02/12,Churned,,
C-8869,Corp_998,enterprise,$29.00,2024/04/24,  Active ,,
C-5291,Corp_999,Pro,499,14-Jun-2023,Paused,,
C-5223,Corp_1000,  Pro  ,99,2023/09/20,Paused,,
